khey,egit
kheyron,tae
kiron,pakyu
bakilid,gwapo
pawix,pogi
egit,haha
bohol,@Gwapo123
khy,@Password123
upaw,@Password123
Ki,@Pass123
Admin,@Pass123
Ace,@Pass123
Kheyron Saliga,@Pass123
FhilJ,@Pass123
KMS,@Pass123
Kanding123,@Pass123
kanding,@Pass123
Saliga123,Kheyron M. Saliga,@Pass123
KheySaliga,Khey Saliga,@Pass123
saligakhey,Kheyron M. Saliga,@Pass123
Saliga Kheyron,@Pass123,Saliga, Khey M.,Business
kiron saliga,@Pass123,Kiron,Business
Saliga,@Pass123,Saliga,Business
Noel,Noel,@Pass123,Admin
noryehK,KheyRon,@Pass123,Admin
popol,Popol,@Pass123,Viewer
gwapokoh,gwapokoh,@Pass123,Viewer
Khey Saliga,Khey Saliga,@Admin123,Admin
KheyS,Kheyron,@Pass123,Employee
opaw,opaw,@Pass123,Employee
Saliga_Khey,Saliga Khey,@Admin123,Admin
F4,F4,@Admin123,Admin
